	pathway	pval	padj	overlap	size	overlapGenes	input_genes	universe_genes	significant	fold_change
16	KEGG_OXIDATIVE_PHOSPHORYLATION	5.099767785775338e-22	1.1850005873128877e-19	40	100		500	7556	True	6.04
22	KEGG_HUNTINGTONS_DISEASE	9.358354499411217e-15	1.3288863389163928e-12	34	111		500	7556	True	4.63
24	KEGG_ALZHEIMERS_DISEASE	2.506533656054931e-13	3.2033500124382014e-11	31	103		500	7556	True	4.55
58	MULLIGHAN_MLL_SIGNATURE_2_UP	3.4113474250171025e-05	0.0015710637870889	32	227		500	7556	True	2.13
